ANO;MÊS;PRODUTO;OPERAÇÃO COMERCIAL;IMPORTADO / EXPORTADO;DISPÊNDIO / RECEITA
2012;ABR;ETANOL ANIDRO;EXPORTAÇÃO;38397,357;29005781
2012;AGO;ETANOL ANIDRO;EXPORTAÇÃO;251088,364;179069921
2012;DEZ;ETANOL ANIDRO;EXPORTAÇÃO;249441,64;163571473
2012;FEV;ETANOL ANIDRO;EXPORTAÇÃO;43042,93;36375709
2012;JAN;ETANOL ANIDRO;EXPORTAÇÃO;42469,904;38608035
2012;JUL;ETANOL ANIDRO;EXPORTAÇÃO;308233,731;235771947
2012;JUN;ETANOL ANIDRO;EXPORTAÇÃO;99541,339;76203056
2012;MAI;ETANOL ANIDRO;EXPORTAÇÃO;108380,272;84907064
2012;MAR;ETANOL ANIDRO;EXPORTAÇÃO;41385,079;37083572
2012;NOV;ETANOL ANIDRO;EXPORTAÇÃO;196117,715;139477497
2012;OUT;ETANOL ANIDRO;EXPORTAÇÃO;302154,379;223821597
2012;SET;ETANOL ANIDRO;EXPORTAÇÃO;265634,253;197987630
2012;ABR;ETANOL ANIDRO;IMPORTAÇÃO;104340,837;73275765
2012;AGO;ETANOL ANIDRO;IMPORTAÇÃO;45163,306;29035009
2012;DEZ;ETANOL ANIDRO;IMPORTAÇÃO;4,562;36158
2012;FEV;ETANOL ANIDRO;IMPORTAÇÃO;137736,381;95486341
2012;JAN;ETANOL ANIDRO;IMPORTAÇÃO;144002,649;99415439
2012;JUL;ETANOL ANIDRO;IMPORTAÇÃO;26714,969;15469938
2012;JUN;ETANOL ANIDRO;IMPORTAÇÃO;7180,952;4425082
2012;MAI;ETANOL ANIDRO;IMPORTAÇÃO;39343,108;26835789
2012;MAR;ETANOL ANIDRO;IMPORTAÇÃO;48723,904;32776201
2012;NOV;ETANOL ANIDRO;IMPORTAÇÃO;10,764;76628
2012;OUT;ETANOL ANIDRO;IMPORTAÇÃO;4,317;51449
2012;SET;ETANOL ANIDRO;IMPORTAÇÃO;10,885;116075
2012;ABR;ETANOL HIDRATADO;EXPORTAÇÃO;26110,145;18469051
2012;AGO;ETANOL HIDRATADO;EXPORTAÇÃO;65235,388;45034988
2012;DEZ;ETANOL HIDRATADO;EXPORTAÇÃO;213683,449;127670809
2012;FEV;ETANOL HIDRATADO;EXPORTAÇÃO;37701,75;31865994
2012;JAN;ETANOL HIDRATADO;EXPORTAÇÃO;23240,019;17802653
2012;JUL;ETANOL HIDRATADO;EXPORTAÇÃO;102502,628;69010411
2012;JUN;ETANOL HIDRATADO;EXPORTAÇÃO;38463,751;30486373
2012;MAI;ETANOL HIDRATADO;EXPORTAÇÃO;40838,313;28326925
2012;MAR;ETANOL HIDRATADO;EXPORTAÇÃO;32544,915;22724331
2012;NOV;ETANOL HIDRATADO;EXPORTAÇÃO;124139,351;76932750
2012;OUT;ETANOL HIDRATADO;EXPORTAÇÃO;194938,064;126395985
2012;SET;ETANOL HIDRATADO;EXPORTAÇÃO;187096,731;133183809
2012;ABR;ETANOL HIDRATADO;IMPORTAÇÃO;64,435;179240
2012;AGO;ETANOL HIDRATADO;IMPORTAÇÃO;70,626;167042
2012;DEZ;ETANOL HIDRATADO;IMPORTAÇÃO;24,168;27691
2012;FEV;ETANOL HIDRATADO;IMPORTAÇÃO;19,964;51772
2012;JAN;ETANOL HIDRATADO;IMPORTAÇÃO;86,727;261499
2012;JUL;ETANOL HIDRATADO;IMPORTAÇÃO;21,147;47534
2012;JUN;ETANOL HIDRATADO;IMPORTAÇÃO;49,63;154329
2012;MAI;ETANOL HIDRATADO;IMPORTAÇÃO;64,309;210257
2012;MAR;ETANOL HIDRATADO;IMPORTAÇÃO;107,187;281914
2012;NOV;ETANOL HIDRATADO;IMPORTAÇÃO;48,715;175898
2012;OUT;ETANOL HIDRATADO;IMPORTAÇÃO;44,689;129953
2012;SET;ETANOL HIDRATADO;IMPORTAÇÃO;47,755;91908
2013;ABR;ETANOL ANIDRO;EXPORTAÇÃO;88805,513;62525047
2013;AGO;ETANOL ANIDRO;EXPORTAÇÃO;395400,674;256873919
2013;DEZ;ETANOL ANIDRO;EXPORTAÇÃO;26419,238;16626585
2013;FEV;ETANOL ANIDRO;EXPORTAÇÃO;105296,423;74421816
2013;JAN;ETANOL ANIDRO;EXPORTAÇÃO;172720,79;117491306
2013;JUL;ETANOL ANIDRO;EXPORTAÇÃO;263072,798;166649965
2013;JUN;ETANOL ANIDRO;EXPORTAÇÃO;177448,5;125272415
2013;MAI;ETANOL ANIDRO;EXPORTAÇÃO;110496,327;77517534
2013;MAR;ETANOL ANIDRO;EXPORTAÇÃO;48088,45;33884514
2013;NOV;ETANOL ANIDRO;EXPORTAÇÃO;61481,147;40672512
2013;OUT;ETANOL ANIDRO;EXPORTAÇÃO;175591,833;109273664
2013;SET;ETANOL ANIDRO;EXPORTAÇÃO;181164,007;113662886
2013;ABR;ETANOL ANIDRO;IMPORTAÇÃO;14200,643;9664990
2013;AGO;ETANOL ANIDRO;IMPORTAÇÃO;0,651;8532
2013;DEZ;ETANOL ANIDRO;IMPORTAÇÃO;8971,595;4552560
2013;FEV;ETANOL ANIDRO;IMPORTAÇÃO;8764,979;5755180
2013;JAN;ETANOL ANIDRO;IMPORTAÇÃO;14504,951;9543617
2013;JUL;ETANOL ANIDRO;IMPORTAÇÃO;10099,009;8694268
2013;JUN;ETANOL ANIDRO;IMPORTAÇÃO;15128,201;12060811
2013;MAI;ETANOL ANIDRO;IMPORTAÇÃO;5,883;30655
2013;MAR;ETANOL ANIDRO;IMPORTAÇÃO;59564,054;39799468
2013;NOV;ETANOL ANIDRO;IMPORTAÇÃO;18,505;41306
2013;OUT;ETANOL ANIDRO;IMPORTAÇÃO;0,766;4758
2013;SET;ETANOL ANIDRO;IMPORTAÇÃO;6,103;47651
2013;ABR;ETANOL HIDRATADO;EXPORTAÇÃO;14490,489;9352508
2013;AGO;ETANOL HIDRATADO;EXPORTAÇÃO;94403,433;57459830
2013;DEZ;ETANOL HIDRATADO;EXPORTAÇÃO;69596,688;41868958
2013;FEV;ETANOL HIDRATADO;EXPORTAÇÃO;103192,127;62372945
2013;JAN;ETANOL HIDRATADO;EXPORTAÇÃO;179411,21;112792476
2013;JUL;ETANOL HIDRATADO;EXPORTAÇÃO;90358,921;56802975
2013;JUN;ETANOL HIDRATADO;EXPORTAÇÃO;103236,547;63202079
2013;MAI;ETANOL HIDRATADO;EXPORTAÇÃO;30662,71;16418738
2013;MAR;ETANOL HIDRATADO;EXPORTAÇÃO;25823,789;16905926
2013;NOV;ETANOL HIDRATADO;EXPORTAÇÃO;122145,833;73170699
2013;OUT;ETANOL HIDRATADO;EXPORTAÇÃO;161414,721;95125205
2013;SET;ETANOL HIDRATADO;EXPORTAÇÃO;115838,513;68594765
2013;ABR;ETANOL HIDRATADO;IMPORTAÇÃO;24,743;44494
2013;AGO;ETANOL HIDRATADO;IMPORTAÇÃO;0,509;7034
2013;DEZ;ETANOL HIDRATADO;IMPORTAÇÃO;3,35;32738
2013;FEV;ETANOL HIDRATADO;IMPORTAÇÃO;70,582;280186
2013;JAN;ETANOL HIDRATADO;IMPORTAÇÃO;49,36;197923
2013;JUL;ETANOL HIDRATADO;IMPORTAÇÃO;97,121;291655
2013;JUN;ETANOL HIDRATADO;IMPORTAÇÃO;24,592;35349
2013;MAI;ETANOL HIDRATADO;IMPORTAÇÃO;24,467;46724
2013;MAR;ETANOL HIDRATADO;IMPORTAÇÃO;98,951;336400
2013;NOV;ETANOL HIDRATADO;IMPORTAÇÃO;0,309;5890
2013;OUT;ETANOL HIDRATADO;IMPORTAÇÃO;2,236;20239
2013;SET;ETANOL HIDRATADO;IMPORTAÇÃO;50,09;126897
2014;ABR;ETANOL ANIDRO;EXPORTAÇÃO;100760,774;72720876
2014;AGO;ETANOL ANIDRO;EXPORTAÇÃO;36522,714;24071044
2014;DEZ;ETANOL ANIDRO;EXPORTAÇÃO;54494,251;30043108
2014;FEV;ETANOL ANIDRO;EXPORTAÇÃO;5366,635;3766277
2014;JAN;ETANOL ANIDRO;EXPORTAÇÃO;100263,282;66770956
2014;JUL;ETANOL ANIDRO;EXPORTAÇÃO;41124,487;27392376
2014;JUN;ETANOL ANIDRO;EXPORTAÇÃO;103501,115;71925361
2014;MAI;ETANOL ANIDRO;EXPORTAÇÃO;120949,134;85989818
2014;MAR;ETANOL ANIDRO;EXPORTAÇÃO;51583,407;36095451
2014;NOV;ETANOL ANIDRO;EXPORTAÇÃO;41051,551;23635020
2014;OUT;ETANOL ANIDRO;EXPORTAÇÃO;28122,182;17448844
2014;SET;ETANOL ANIDRO;EXPORTAÇÃO;73144,456;49357765
2014;ABR;ETANOL ANIDRO;IMPORTAÇÃO;68479,084;36732108
2014;AGO;ETANOL ANIDRO;IMPORTAÇÃO;54875,935;30896153
2014;DEZ;ETANOL ANIDRO;IMPORTAÇÃO;39741,57;21537869
2014;FEV;ETANOL ANIDRO;IMPORTAÇÃO;73678,684;37647715
2014;JAN;ETANOL ANIDRO;IMPORTAÇÃO;37986,288;19904285
2014;JUL;ETANOL ANIDRO;IMPORTAÇÃO;516,298;351606
2014;JUN;ETANOL ANIDRO;IMPORTAÇÃO;26174,131;15162272
2014;MAI;ETANOL ANIDRO;IMPORTAÇÃO;25690,322;13706512
2014;MAR;ETANOL ANIDRO;IMPORTAÇÃO;99217,171;50001499
2014;NOV;ETANOL ANIDRO;IMPORTAÇÃO;11948,471;6026777
2014;OUT;ETANOL ANIDRO;IMPORTAÇÃO;33,362;44347
2014;SET;ETANOL ANIDRO;IMPORTAÇÃO;13241,765;7965251
2014;ABR;ETANOL HIDRATADO;EXPORTAÇÃO;37560,243;23284793
2014;AGO;ETANOL HIDRATADO;EXPORTAÇÃO;41999,877;25466193
2014;DEZ;ETANOL HIDRATADO;EXPORTAÇÃO;78438,177;45510434
2014;FEV;ETANOL HIDRATADO;EXPORTAÇÃO;59806,023;36064222
2014;JAN;ETANOL HIDRATADO;EXPORTAÇÃO;92985,931;55983038
2014;JUL;ETANOL HIDRATADO;EXPORTAÇÃO;49595,918;29956172
2014;JUN;ETANOL HIDRATADO;EXPORTAÇÃO;64522,802;39694707
2014;MAI;ETANOL HIDRATADO;EXPORTAÇÃO;19795,784;12681441
2014;MAR;ETANOL HIDRATADO;EXPORTAÇÃO;26149,936;16605042
2014;NOV;ETANOL HIDRATADO;EXPORTAÇÃO;50971,719;30430082
2014;OUT;ETANOL HIDRATADO;EXPORTAÇÃO;72902,913;43902556
2014;SET;ETANOL HIDRATADO;EXPORTAÇÃO;46301,679;29235371
2014;ABR;ETANOL HIDRATADO;IMPORTAÇÃO;24,088;47941
2014;AGO;ETANOL HIDRATADO;IMPORTAÇÃO;25,254;49238
2014;DEZ;ETANOL HIDRATADO;IMPORTAÇÃO;49,772;176094
2014;FEV;ETANOL HIDRATADO;IMPORTAÇÃO;0,835;8715
2014;JAN;ETANOL HIDRATADO;IMPORTAÇÃO;1,248;15768
2014;JUL;ETANOL HIDRATADO;IMPORTAÇÃO;48,97;180715
2014;JUN;ETANOL HIDRATADO;IMPORTAÇÃO;2,296;20355
2014;MAI;ETANOL HIDRATADO;IMPORTAÇÃO;72,411;217350
2014;MAR;ETANOL HIDRATADO;IMPORTAÇÃO;1,05;9161
2014;NOV;ETANOL HIDRATADO;IMPORTAÇÃO;24,828;108661
2014;OUT;ETANOL HIDRATADO;IMPORTAÇÃO;98,598;391932
2014;SET;ETANOL HIDRATADO;IMPORTAÇÃO;70,976;197138
2015;ABR;ETANOL ANIDRO;EXPORTAÇÃO;12678,351;6584830
2015;AGO;ETANOL ANIDRO;EXPORTAÇÃO;124317,327;58690675
2015;DEZ;ETANOL ANIDRO;EXPORTAÇÃO;115548,459;53361726
2015;FEV;ETANOL ANIDRO;EXPORTAÇÃO;39988,951;24240286
2015;JAN;ETANOL ANIDRO;EXPORTAÇÃO;96960,836;56675548
2015;JUL;ETANOL ANIDRO;EXPORTAÇÃO;73306,213;36680296
2015;JUN;ETANOL ANIDRO;EXPORTAÇÃO;67266,268;33260641
2015;MAI;ETANOL ANIDRO;EXPORTAÇÃO;75134,296;36987869
2015;MAR;ETANOL ANIDRO;EXPORTAÇÃO;39032,611;23564191
2015;NOV;ETANOL ANIDRO;EXPORTAÇÃO;112595,371;47616131
2015;OUT;ETANOL ANIDRO;EXPORTAÇÃO;152142,464;66678350
2015;SET;ETANOL ANIDRO;EXPORTAÇÃO;121637,537;54271460
2015;ABR;ETANOL ANIDRO;IMPORTAÇÃO;105574,079;51859368
2015;AGO;ETANOL ANIDRO;IMPORTAÇÃO;13275,762;6219563
2015;DEZ;ETANOL ANIDRO;IMPORTAÇÃO;13016,568;6178983
2015;FEV;ETANOL ANIDRO;IMPORTAÇÃO;67541,261;35075951
2015;JAN;ETANOL ANIDRO;IMPORTAÇÃO;80763,57;42868302
2015;JUL;ETANOL ANIDRO;IMPORTAÇÃO;1302,159;5579315
2015;JUN;ETANOL ANIDRO;IMPORTAÇÃO;68686,401;32470408
2015;MAI;ETANOL ANIDRO;IMPORTAÇÃO;50262,69;26141188
2015;MAR;ETANOL ANIDRO;IMPORTAÇÃO;92384,233;47689517
2015;NOV;ETANOL ANIDRO;IMPORTAÇÃO;9947,851;3815918
2015;OUT;ETANOL ANIDRO;IMPORTAÇÃO;9606,223;4712712
2015;SET;ETANOL ANIDRO;IMPORTAÇÃO;6,837;34328
2015;ABR;ETANOL HIDRATADO;EXPORTAÇÃO;8429,754;3913260
2015;AGO;ETANOL HIDRATADO;EXPORTAÇÃO;72711,237;31369174
2015;DEZ;ETANOL HIDRATADO;EXPORTAÇÃO;171143,391;72104887
2015;FEV;ETANOL HIDRATADO;EXPORTAÇÃO;31102,65;17241545
2015;JAN;ETANOL HIDRATADO;EXPORTAÇÃO;57560,264;31608583
2015;JUL;ETANOL HIDRATADO;EXPORTAÇÃO;140172,215;63301675
2015;JUN;ETANOL HIDRATADO;EXPORTAÇÃO;24468,809;11308889
2015;MAI;ETANOL HIDRATADO;EXPORTAÇÃO;16760,704;9621664
2015;MAR;ETANOL HIDRATADO;EXPORTAÇÃO;71837,292;38810865
2015;NOV;ETANOL HIDRATADO;EXPORTAÇÃO;82277,943;34867767
2015;OUT;ETANOL HIDRATADO;EXPORTAÇÃO;107861,466;44830019
2015;SET;ETANOL HIDRATADO;EXPORTAÇÃO;52264,181;22884951
2015;ABR;ETANOL HIDRATADO;IMPORTAÇÃO;0,387;4634
2015;AGO;ETANOL HIDRATADO;IMPORTAÇÃO;73,264;224742
2015;DEZ;ETANOL HIDRATADO;IMPORTAÇÃO;0,682;10223
2015;FEV;ETANOL HIDRATADO;IMPORTAÇÃO;24,878;110317
2015;JAN;ETANOL HIDRATADO;IMPORTAÇÃO;24,216;60505
2015;JUL;ETANOL HIDRATADO;IMPORTAÇÃO;95,971;253268
2015;JUN;ETANOL HIDRATADO;IMPORTAÇÃO;97,896;249688
2015;MAI;ETANOL HIDRATADO;IMPORTAÇÃO;26,456;118198
2015;MAR;ETANOL HIDRATADO;IMPORTAÇÃO;71,797;199360
2015;NOV;ETANOL HIDRATADO;IMPORTAÇÃO;24,075;96180
2015;OUT;ETANOL HIDRATADO;IMPORTAÇÃO;48,369;84710
2015;SET;ETANOL HIDRATADO;IMPORTAÇÃO;25,186;33874
2016;ABR;ETANOL ANIDRO;EXPORTAÇÃO;51026,624;28440595
2016;AGO;ETANOL ANIDRO;EXPORTAÇÃO;110414,29;59457058
2016;DEZ;ETANOL ANIDRO;EXPORTAÇÃO;14293,396;9898344
2016;FEV;ETANOL ANIDRO;EXPORTAÇÃO;113699,2;63768557
2016;JAN;ETANOL ANIDRO;EXPORTAÇÃO;46359,072;22874350
2016;JUL;ETANOL ANIDRO;EXPORTAÇÃO;125473,169;61031166
2016;JUN;ETANOL ANIDRO;EXPORTAÇÃO;116791,439;51480443
2016;MAI;ETANOL ANIDRO;EXPORTAÇÃO;60126,545;27824721
2016;MAR;ETANOL ANIDRO;EXPORTAÇÃO;132816,124;71913047
2016;NOV;ETANOL ANIDRO;EXPORTAÇÃO;14293,396;9898344
2016;OUT;ETANOL ANIDRO;EXPORTAÇÃO;43868,612;27262247
2016;SET;ETANOL ANIDRO;EXPORTAÇÃO;19504,601;11109733
2016;ABR;ETANOL ANIDRO;IMPORTAÇÃO;82799,149;34069331
2016;AGO;ETANOL ANIDRO;IMPORTAÇÃO;74007,333;37756257
2016;DEZ;ETANOL ANIDRO;IMPORTAÇÃO;140484,525;69137941
2016;FEV;ETANOL ANIDRO;IMPORTAÇÃO;32953,327;14085780
2016;JAN;ETANOL ANIDRO;IMPORTAÇÃO;28766,363;13572525
2016;JUL;ETANOL ANIDRO;IMPORTAÇÃO;54968,909;27818455
2016;JUN;ETANOL ANIDRO;IMPORTAÇÃO;37670,576;17882027
2016;MAI;ETANOL ANIDRO;IMPORTAÇÃO;37267,74;16049232
2016;MAR;ETANOL ANIDRO;IMPORTAÇÃO;81445,389;35309872
2016;NOV;ETANOL ANIDRO;IMPORTAÇÃO;137119,429;68496883
2016;OUT;ETANOL ANIDRO;IMPORTAÇÃO;71982,655;34016163
2016;SET;ETANOL ANIDRO;IMPORTAÇÃO;52449,822;25887538
2016;ABR;ETANOL HIDRATADO;EXPORTAÇÃO;21283,088;10592562
2016;AGO;ETANOL HIDRATADO;EXPORTAÇÃO;58584,587;28598431
2016;DEZ;ETANOL HIDRATADO;EXPORTAÇÃO;20054,398;14908410
2016;FEV;ETANOL HIDRATADO;EXPORTAÇÃO;192061,229;87218423
2016;JAN;ETANOL HIDRATADO;EXPORTAÇÃO;73399,284;32986682
2016;JUL;ETANOL HIDRATADO;EXPORTAÇÃO;94266,978;44163999
2016;JUN;ETANOL HIDRATADO;EXPORTAÇÃO;141364,399;61549981
2016;MAI;ETANOL HIDRATADO;EXPORTAÇÃO;59300,976;27273899
2016;MAR;ETANOL HIDRATADO;EXPORTAÇÃO;75194,772;34167530
2016;NOV;ETANOL HIDRATADO;EXPORTAÇÃO;20054,398;14908410
2016;OUT;ETANOL HIDRATADO;EXPORTAÇÃO;22454,195;12381778
2016;SET;ETANOL HIDRATADO;EXPORTAÇÃO;126300,867;62740486
2016;ABR;ETANOL HIDRATADO;IMPORTAÇÃO;25,225;98103
2016;AGO;ETANOL HIDRATADO;IMPORTAÇÃO;0,81;7513
2016;DEZ;ETANOL HIDRATADO;IMPORTAÇÃO;0,333;5348
2016;FEV;ETANOL HIDRATADO;IMPORTAÇÃO;0,937;14797
2016;JAN;ETANOL HIDRATADO;IMPORTAÇÃO;1,231;9583
2016;JUL;ETANOL HIDRATADO;IMPORTAÇÃO;49,877;108396
2016;JUN;ETANOL HIDRATADO;IMPORTAÇÃO;1,872;14346
2016;MAI;ETANOL HIDRATADO;IMPORTAÇÃO;48,2;182954
2016;MAR;ETANOL HIDRATADO;IMPORTAÇÃO;48,35;68279
2016;NOV;ETANOL HIDRATADO;IMPORTAÇÃO;1,659;12144
2016;OUT;ETANOL HIDRATADO;IMPORTAÇÃO;25,38;40681
2016;SET;ETANOL HIDRATADO;IMPORTAÇÃO;25,016;39994
2017;ABR;ETANOL ANIDRO;EXPORTAÇÃO;127220,428;74131983
2017;AGO;ETANOL ANIDRO;EXPORTAÇÃO;91610,933;48951262
2017;DEZ;ETANOL ANIDRO;EXPORTAÇÃO;17636,033;39388040
2017;FEV;ETANOL ANIDRO;EXPORTAÇÃO;60388,737;42904259
2017;JAN;ETANOL ANIDRO;EXPORTAÇÃO;101382,186;69372810
2017;JUL;ETANOL ANIDRO;EXPORTAÇÃO;150415,029;76650822
2017;JUN;ETANOL ANIDRO;EXPORTAÇÃO;103546,267;56636293
2017;MAI;ETANOL ANIDRO;EXPORTAÇÃO;55510,986;31270677
2017;MAR;ETANOL ANIDRO;EXPORTAÇÃO;44316,068;28119407
2017;NOV;ETANOL ANIDRO;EXPORTAÇÃO;94526,378;54125808
2017;OUT;ETANOL ANIDRO;EXPORTAÇÃO;114597,028;68206771
2017;SET;ETANOL ANIDRO;EXPORTAÇÃO;62688,003;34874347
2017;ABR;ETANOL ANIDRO;IMPORTAÇÃO;111924,258;55073312
2017;AGO;ETANOL ANIDRO;IMPORTAÇÃO;135294,376;64152646
2017;DEZ;ETANOL ANIDRO;IMPORTAÇÃO;84656,279;37980032
2017;FEV;ETANOL ANIDRO;IMPORTAÇÃO;257360,695;129522749
2017;JAN;ETANOL ANIDRO;IMPORTAÇÃO;172451,971;85920169
2017;JUL;ETANOL ANIDRO;IMPORTAÇÃO;73817,036;35417072
2017;JUN;ETANOL ANIDRO;IMPORTAÇÃO;199476,773;98729069
2017;MAI;ETANOL ANIDRO;IMPORTAÇÃO;247989,285;123301519
2017;MAR;ETANOL ANIDRO;IMPORTAÇÃO;291209,71;148753592
2017;NOV;ETANOL ANIDRO;IMPORTAÇÃO;50285,766;22802629
2017;OUT;ETANOL ANIDRO;IMPORTAÇÃO;91164,542;43176979
2017;SET;ETANOL ANIDRO;IMPORTAÇÃO;109867,798;52540437
2017;ABR;ETANOL HIDRATADO;EXPORTAÇÃO;1608,946;1794395
2017;AGO;ETANOL HIDRATADO;EXPORTAÇÃO;85618,956;41120327
2017;DEZ;ETANOL HIDRATADO;EXPORTAÇÃO;1283,244;1025561
2017;FEV;ETANOL HIDRATADO;EXPORTAÇÃO;709,738;586030
2017;JAN;ETANOL HIDRATADO;EXPORTAÇÃO;3195,401;2167833
2017;JUL;ETANOL HIDRATADO;EXPORTAÇÃO;7498,163;3944199
2017;JUN;ETANOL HIDRATADO;EXPORTAÇÃO;57218,434;29505738
2017;MAI;ETANOL HIDRATADO;EXPORTAÇÃO;28488,489;15224933
2017;MAR;ETANOL HIDRATADO;EXPORTAÇÃO;10026,569;6416214
2017;NOV;ETANOL HIDRATADO;EXPORTAÇÃO;40220,255;19758297
2017;OUT;ETANOL HIDRATADO;EXPORTAÇÃO;39457,071;19932813
2017;SET;ETANOL HIDRATADO;EXPORTAÇÃO;80989,453;40747097
2017;ABR;ETANOL HIDRATADO;IMPORTAÇÃO;2,792;21568
2017;AGO;ETANOL HIDRATADO;IMPORTAÇÃO;29,099;121806
2017;DEZ;ETANOL HIDRATADO;IMPORTAÇÃO;0,579;2991
2017;FEV;ETANOL HIDRATADO;IMPORTAÇÃO;0,776;6428
2017;JAN;ETANOL HIDRATADO;IMPORTAÇÃO;24,402;31680
2017;JUL;ETANOL HIDRATADO;IMPORTAÇÃO;0,857;13205
2017;JUN;ETANOL HIDRATADO;IMPORTAÇÃO;0,296;2890
2017;MAI;ETANOL HIDRATADO;IMPORTAÇÃO;2,226;15596
2017;MAR;ETANOL HIDRATADO;IMPORTAÇÃO;25,794;35752
2017;NOV;ETANOL HIDRATADO;IMPORTAÇÃO;0,614;3057
2017;OUT;ETANOL HIDRATADO;IMPORTAÇÃO;4,688;30404
2017;SET;ETANOL HIDRATADO;IMPORTAÇÃO;50,994;136285
2018;ABR;ETANOL ANIDRO;EXPORTAÇÃO;62715,275;40334418
2018;AGO;ETANOL ANIDRO;EXPORTAÇÃO;161749,284;77766201
2018;DEZ;ETANOL ANIDRO;EXPORTAÇÃO;54796,472;28132294
2018;FEV;ETANOL ANIDRO;EXPORTAÇÃO;60923,591;43483417
2018;JAN;ETANOL ANIDRO;EXPORTAÇÃO;71676,685;45002806
2018;JUL;ETANOL ANIDRO;EXPORTAÇÃO;89505,054;45650193
2018;JUN;ETANOL ANIDRO;EXPORTAÇÃO;82753,205;47805600
2018;MAI;ETANOL ANIDRO;EXPORTAÇÃO;77365,34;44110276
2018;MAR;ETANOL ANIDRO;EXPORTAÇÃO;47438,212;32434659
2018;NOV;ETANOL ANIDRO;EXPORTAÇÃO;101970,008;53375333
2018;OUT;ETANOL ANIDRO;EXPORTAÇÃO;151881,998;76300141
2018;SET;ETANOL ANIDRO;EXPORTAÇÃO;103778,667;48483293
2018;ABR;ETANOL ANIDRO;IMPORTAÇÃO;387681,583;163659605
2018;AGO;ETANOL ANIDRO;IMPORTAÇÃO;47607,976;19892661
2018;DEZ;ETANOL ANIDRO;IMPORTAÇÃO;174533,533;72633484
2018;FEV;ETANOL ANIDRO;IMPORTAÇÃO;163350,274;70278312
2018;JAN;ETANOL ANIDRO;IMPORTAÇÃO;164574,255;73060194
2018;JUL;ETANOL ANIDRO;IMPORTAÇÃO;133541,913;55115312
2018;JUN;ETANOL ANIDRO;IMPORTAÇÃO;59524,449;24966625
2018;MAI;ETANOL ANIDRO;IMPORTAÇÃO;103293,634;43148140
2018;MAR;ETANOL ANIDRO;IMPORTAÇÃO;314395,2;130208029
2018;NOV;ETANOL ANIDRO;IMPORTAÇÃO;139384,75;55327065
2018;OUT;ETANOL ANIDRO;IMPORTAÇÃO;47671,291;17998322
2018;SET;ETANOL ANIDRO;IMPORTAÇÃO;1608,192;744959
2018;ABR;ETANOL HIDRATADO;EXPORTAÇÃO;12144,352;7064709
2018;AGO;ETANOL HIDRATADO;EXPORTAÇÃO;80912,706;39303454
2018;DEZ;ETANOL HIDRATADO;EXPORTAÇÃO;52861,62;25320924
2018;FEV;ETANOL HIDRATADO;EXPORTAÇÃO;1132,127;1032205
2018;JAN;ETANOL HIDRATADO;EXPORTAÇÃO;49989,776;25075488
2018;JUL;ETANOL HIDRATADO;EXPORTAÇÃO;88913,83;44242600
2018;JUN;ETANOL HIDRATADO;EXPORTAÇÃO;49697,028;26813169
2018;MAI;ETANOL HIDRATADO;EXPORTAÇÃO;14208,38;7211199
2018;MAR;ETANOL HIDRATADO;EXPORTAÇÃO;18902,87;9401975
2018;NOV;ETANOL HIDRATADO;EXPORTAÇÃO;45899,871;23476997
2018;OUT;ETANOL HIDRATADO;EXPORTAÇÃO;127495,427;63267895
2018;SET;ETANOL HIDRATADO;EXPORTAÇÃO;73263,72;35889986
2018;ABR;ETANOL HIDRATADO;IMPORTAÇÃO;4672,855;1822546
2018;AGO;ETANOL HIDRATADO;IMPORTAÇÃO;2,483;19995
2018;DEZ;ETANOL HIDRATADO;IMPORTAÇÃO;1,374;12169
2018;FEV;ETANOL HIDRATADO;IMPORTAÇÃO;0,984;8600
2018;JAN;ETANOL HIDRATADO;IMPORTAÇÃO;25,284;45958
2018;JUL;ETANOL HIDRATADO;IMPORTAÇÃO;8906,868;3628718
2018;JUN;ETANOL HIDRATADO;IMPORTAÇÃO;9247,978;3767705
2018;MAI;ETANOL HIDRATADO;IMPORTAÇÃO;0,822;5019
2018;MAR;ETANOL HIDRATADO;IMPORTAÇÃO;11176,018;4983006
2018;NOV;ETANOL HIDRATADO;IMPORTAÇÃO;26,181;83354
2018;OUT;ETANOL HIDRATADO;IMPORTAÇÃO;49,644;151864
2018;SET;ETANOL HIDRATADO;IMPORTAÇÃO;4054,781;1718938
2019;ABR;ETANOL ANIDRO;EXPORTAÇÃO;180,91;196685
2019;AGO;ETANOL ANIDRO;EXPORTAÇÃO;219168,973;113434201
2019;DEZ;ETANOL ANIDRO;EXPORTAÇÃO;72724,402;38533782
2019;FEV;ETANOL ANIDRO;EXPORTAÇÃO;89186,139;53012913
2019;JAN;ETANOL ANIDRO;EXPORTAÇÃO;55364,358;29075903
2019;JUL;ETANOL ANIDRO;EXPORTAÇÃO;150977,598;74879051
2019;JUN;ETANOL ANIDRO;EXPORTAÇÃO;128048,823;65612135
2019;MAI;ETANOL ANIDRO;EXPORTAÇÃO;117730,695;60026677
2019;MAR;ETANOL ANIDRO;EXPORTAÇÃO;101929,827;55755192
2019;NOV;ETANOL ANIDRO;EXPORTAÇÃO;98667,142;49131400
2019;OUT;ETANOL ANIDRO;EXPORTAÇÃO;133936,442;66144037
2019;SET;ETANOL ANIDRO;EXPORTAÇÃO;147849,2;74165518
2019;ABR;ETANOL ANIDRO;IMPORTAÇÃO;230719,585;92664108
2019;AGO;ETANOL ANIDRO;IMPORTAÇÃO;84253,372;36931008
2019;DEZ;ETANOL ANIDRO;IMPORTAÇÃO;184990,148;77804287
2019;FEV;ETANOL ANIDRO;IMPORTAÇÃO;128890,01;50798050
2019;JAN;ETANOL ANIDRO;IMPORTAÇÃO;155630,902;65565051
2019;JUL;ETANOL ANIDRO;IMPORTAÇÃO;96054,335;40068458
2019;JUN;ETANOL ANIDRO;IMPORTAÇÃO;85997,172;34476484
2019;MAI;ETANOL ANIDRO;IMPORTAÇÃO;182461,508;74231511
2019;MAR;ETANOL ANIDRO;IMPORTAÇÃO;111639,359;44055030
2019;NOV;ETANOL ANIDRO;IMPORTAÇÃO;47983,019;20203257
2019;OUT;ETANOL ANIDRO;IMPORTAÇÃO;82759,915;36144045
2019;SET;ETANOL ANIDRO;IMPORTAÇÃO;66088,501;29138352
2019;ABR;ETANOL HIDRATADO;EXPORTAÇÃO;3970,197;2841723
2019;AGO;ETANOL HIDRATADO;EXPORTAÇÃO;89933,136;44781705
2019;DEZ;ETANOL HIDRATADO;EXPORTAÇÃO;74090,2;38210212
2019;FEV;ETANOL HIDRATADO;EXPORTAÇÃO;23704,952;10972746
2019;JAN;ETANOL HIDRATADO;EXPORTAÇÃO;49601,684;25470400
2019;JUL;ETANOL HIDRATADO;EXPORTAÇÃO;57148,087;28789348
2019;JUN;ETANOL HIDRATADO;EXPORTAÇÃO;42451,288;21212166
2019;MAI;ETANOL HIDRATADO;EXPORTAÇÃO;15894,499;8225299
2019;MAR;ETANOL HIDRATADO;EXPORTAÇÃO;27582,5;13285150
2019;NOV;ETANOL HIDRATADO;EXPORTAÇÃO;82823,037;42442029
2019;OUT;ETANOL HIDRATADO;EXPORTAÇÃO;76621,936;39480243
2019;SET;ETANOL HIDRATADO;EXPORTAÇÃO;73408,549;38045182
2019;ABR;ETANOL HIDRATADO;IMPORTAÇÃO;1,509;5149
2019;AGO;ETANOL HIDRATADO;IMPORTAÇÃO;22,653;45958
2019;DEZ;ETANOL HIDRATADO;IMPORTAÇÃO;4,081;16083
2019;FEV;ETANOL HIDRATADO;IMPORTAÇÃO;1,662;22580
2019;JAN;ETANOL HIDRATADO;IMPORTAÇÃO;24,86;45736
2019;JUL;ETANOL HIDRATADO;IMPORTAÇÃO;25,849;65475
2019;JUN;ETANOL HIDRATADO;IMPORTAÇÃO;0,214;1986
2019;MAI;ETANOL HIDRATADO;IMPORTAÇÃO;22,131;44592
2019;MAR;ETANOL HIDRATADO;IMPORTAÇÃO;25,748;45155
2019;NOV;ETANOL HIDRATADO;IMPORTAÇÃO;2,212;19944
2019;OUT;ETANOL HIDRATADO;IMPORTAÇÃO;0,664;4799
2019;SET;ETANOL HIDRATADO;IMPORTAÇÃO;2,427;26785
2020;ABR;ETANOL ANIDRO;EXPORTAÇÃO;321,496;367626
2020;AGO;ETANOL ANIDRO;EXPORTAÇÃO;173468,298;68391644
2020;DEZ;ETANOL ANIDRO;EXPORTAÇÃO;19183,633;9716565
2020;FEV;ETANOL ANIDRO;EXPORTAÇÃO;113182,008;63493000
2020;JAN;ETANOL ANIDRO;EXPORTAÇÃO;38547,314;20877088
2020;JUL;ETANOL ANIDRO;EXPORTAÇÃO;135750,328;60173169
2020;JUN;ETANOL ANIDRO;EXPORTAÇÃO;145503,295;52651712
2020;MAI;ETANOL ANIDRO;EXPORTAÇÃO;67652,172;21107218
2020;MAR;ETANOL ANIDRO;EXPORTAÇÃO;47598,805;28927864
2020;NOV;ETANOL ANIDRO;EXPORTAÇÃO;155870,095;66512622
2020;OUT;ETANOL ANIDRO;EXPORTAÇÃO;207797,76;87291399
2020;SET;ETANOL ANIDRO;EXPORTAÇÃO;105424,381;42934153
2020;ABR;ETANOL ANIDRO;IMPORTAÇÃO;144366,404;59288434
2020;AGO;ETANOL ANIDRO;IMPORTAÇÃO;13806,512;6319942
2020;DEZ;ETANOL ANIDRO;IMPORTAÇÃO;95960,517;39771315
2020;FEV;ETANOL ANIDRO;IMPORTAÇÃO;150393,9;62559055
2020;JAN;ETANOL ANIDRO;IMPORTAÇÃO;179992,492;77663574
2020;JUL;ETANOL ANIDRO;IMPORTAÇÃO;20521,176;8747919
2020;JUN;ETANOL ANIDRO;IMPORTAÇÃO;27333,679;8162547
2020;MAI;ETANOL ANIDRO;IMPORTAÇÃO;42906,108;16520044
2020;MAR;ETANOL ANIDRO;IMPORTAÇÃO;276236,417;115236146
2020;NOV;ETANOL ANIDRO;IMPORTAÇÃO;26960,748;10684859
2020;OUT;ETANOL ANIDRO;IMPORTAÇÃO;19554,438;7232659
2020;SET;ETANOL ANIDRO;IMPORTAÇÃO;10540,551;3783364
2020;ABR;ETANOL HIDRATADO;EXPORTAÇÃO;79444,196;45460192
2020;AGO;ETANOL HIDRATADO;EXPORTAÇÃO;159390,983;68279469
2020;DEZ;ETANOL HIDRATADO;EXPORTAÇÃO;220666,075;101678667
2020;FEV;ETANOL HIDRATADO;EXPORTAÇÃO;40221,237;22890207
2020;JAN;ETANOL HIDRATADO;EXPORTAÇÃO;39674,243;22202026
2020;JUL;ETANOL HIDRATADO;EXPORTAÇÃO;166462,434;68359864
2020;JUN;ETANOL HIDRATADO;EXPORTAÇÃO;139695,95;61397676
2020;MAI;ETANOL HIDRATADO;EXPORTAÇÃO;78953,256;36088562
2020;MAR;ETANOL HIDRATADO;EXPORTAÇÃO;22335,825;13017053
2020;NOV;ETANOL HIDRATADO;EXPORTAÇÃO;157243,632;73784936
2020;OUT;ETANOL HIDRATADO;EXPORTAÇÃO;171399,61;78059474
2020;SET;ETANOL HIDRATADO;EXPORTAÇÃO;183184,8;77860450
2020;ABR;ETANOL HIDRATADO;IMPORTAÇÃO;38,528;22375
2020;AGO;ETANOL HIDRATADO;IMPORTAÇÃO;11,73;33484
2020;DEZ;ETANOL HIDRATADO;IMPORTAÇÃO;0,35;2234
2020;FEV;ETANOL HIDRATADO;IMPORTAÇÃO;2,911;17989
2020;JAN;ETANOL HIDRATADO;IMPORTAÇÃO;45,689;72384
2020;JUL;ETANOL HIDRATADO;IMPORTAÇÃO;10,684;14494
2020;JUN;ETANOL HIDRATADO;IMPORTAÇÃO;6,855;26537
2020;MAI;ETANOL HIDRATADO;IMPORTAÇÃO;22,411;40557
2020;MAR;ETANOL HIDRATADO;IMPORTAÇÃO;2,193;9577
2020;NOV;ETANOL HIDRATADO;IMPORTAÇÃO;1113,966;18391
2020;OUT;ETANOL HIDRATADO;IMPORTAÇÃO;1,452;5456
2020;SET;ETANOL HIDRATADO;IMPORTAÇÃO;3,311;16138
2021;ABR;ETANOL ANIDRO;EXPORTAÇÃO;17049,873;8612952
2021;AGO;ETANOL ANIDRO;EXPORTAÇÃO;40132,364;19605079
2021;DEZ;ETANOL ANIDRO;EXPORTAÇÃO;86032,813;61252170
2021;FEV;ETANOL ANIDRO;EXPORTAÇÃO;35868,317;17515311
2021;JAN;ETANOL ANIDRO;EXPORTAÇÃO;68974,778;32693119
2021;JUL;ETANOL ANIDRO;EXPORTAÇÃO;79156,426;45292845
2021;JUN;ETANOL ANIDRO;EXPORTAÇÃO;102329,986;55165276
2021;MAI;ETANOL ANIDRO;EXPORTAÇÃO;48801,452;26623427
2021;MAR;ETANOL ANIDRO;EXPORTAÇÃO;15448,35;9364455
2021;NOV;ETANOL ANIDRO;EXPORTAÇÃO;28728,549;22179454
2021;OUT;ETANOL ANIDRO;EXPORTAÇÃO;58981,833;41093129
2021;SET;ETANOL ANIDRO;EXPORTAÇÃO;32197,555;22671241
2021;ABR;ETANOL ANIDRO;IMPORTAÇÃO;18019,529;8755889
2021;AGO;ETANOL ANIDRO;IMPORTAÇÃO;18048,678;12266595
2021;DEZ;ETANOL ANIDRO;IMPORTAÇÃO;95782,746;52474668
2021;FEV;ETANOL ANIDRO;IMPORTAÇÃO;51618,704;23207780
2021;JAN;ETANOL ANIDRO;IMPORTAÇÃO;77408,709;33308992
2021;JUL;ETANOL ANIDRO;IMPORTAÇÃO;15065,247;7456849
2021;JUN;ETANOL ANIDRO;IMPORTAÇÃO;15056,409;7446848
2021;MAI;ETANOL ANIDRO;IMPORTAÇÃO;15058,772;8136082
2021;MAR;ETANOL ANIDRO;IMPORTAÇÃO;49722,742;23638485
2021;NOV;ETANOL ANIDRO;IMPORTAÇÃO;62251,202;38963990
2021;OUT;ETANOL ANIDRO;IMPORTAÇÃO;14020,094;10227584
2021;SET;ETANOL ANIDRO;IMPORTAÇÃO;46,571;72396
2021;ABR;ETANOL HIDRATADO;EXPORTAÇÃO;88277,762;43922971
2021;AGO;ETANOL HIDRATADO;EXPORTAÇÃO;44045,42;23957798
2021;DEZ;ETANOL HIDRATADO;EXPORTAÇÃO;111315,405;67357006
2021;FEV;ETANOL HIDRATADO;EXPORTAÇÃO;119100,101;53144628
2021;JAN;ETANOL HIDRATADO;EXPORTAÇÃO;120211,351;53253610
2021;JUL;ETANOL HIDRATADO;EXPORTAÇÃO;128957,601;67970103
2021;JUN;ETANOL HIDRATADO;EXPORTAÇÃO;189334,05;101055156
2021;MAI;ETANOL HIDRATADO;EXPORTAÇÃO;16954,616;10872040
2021;MAR;ETANOL HIDRATADO;EXPORTAÇÃO;174106,635;79734359
2021;NOV;ETANOL HIDRATADO;EXPORTAÇÃO;77449,541;46484751
2021;OUT;ETANOL HIDRATADO;EXPORTAÇÃO;103728,365;57243921
2021;SET;ETANOL HIDRATADO;EXPORTAÇÃO;160996,946;94075183
2021;ABR;ETANOL HIDRATADO;IMPORTAÇÃO;4,275;30848
2021;AGO;ETANOL HIDRATADO;IMPORTAÇÃO;1,038;6409
2021;DEZ;ETANOL HIDRATADO;IMPORTAÇÃO;1,625;9429
2021;FEV;ETANOL HIDRATADO;IMPORTAÇÃO;0,567;11503
2021;JAN;ETANOL HIDRATADO;IMPORTAÇÃO;5,538;315480
2021;JUL;ETANOL HIDRATADO;IMPORTAÇÃO;2,767;24963
2021;JUN;ETANOL HIDRATADO;IMPORTAÇÃO;5,828;19878
2021;MAI;ETANOL HIDRATADO;IMPORTAÇÃO;4,114;32382
2021;MAR;ETANOL HIDRATADO;IMPORTAÇÃO;5,694;17842
2021;NOV;ETANOL HIDRATADO;IMPORTAÇÃO;125,405;38382
2021;OUT;ETANOL HIDRATADO;IMPORTAÇÃO;0,921;10484
2021;SET;ETANOL HIDRATADO;IMPORTAÇÃO;3,721;10799
2022;ABR;ETANOL ANIDRO;EXPORTAÇÃO;75143,194;55815405
2022;AGO;ETANOL ANIDRO;EXPORTAÇÃO;164596,631;127055977
2022;DEZ;ETANOL ANIDRO;EXPORTAÇÃO;153684,067;111600478
2022;FEV;ETANOL ANIDRO;EXPORTAÇÃO;12169,882;9239404
2022;JAN;ETANOL ANIDRO;EXPORTAÇÃO;42362,083;27807243
2022;JUL;ETANOL ANIDRO;EXPORTAÇÃO;88907,852;65010026
2022;JUN;ETANOL ANIDRO;EXPORTAÇÃO;143645,698;112081527
2022;MAI;ETANOL ANIDRO;EXPORTAÇÃO;62308,103;49578476
2022;MAR;ETANOL ANIDRO;EXPORTAÇÃO;46812,212;34386232
2022;NOV;ETANOL ANIDRO;EXPORTAÇÃO;165724,74;105008790
2022;OUT;ETANOL ANIDRO;EXPORTAÇÃO;209732,423;144430725
2022;SET;ETANOL ANIDRO;EXPORTAÇÃO;184145,188;126874804
2022;ABR;ETANOL ANIDRO;IMPORTAÇÃO;4080,61;2786939
2022;AGO;ETANOL ANIDRO;IMPORTAÇÃO;34,571;72921
2022;DEZ;ETANOL ANIDRO;IMPORTAÇÃO;14998,805;9510920
2022;FEV;ETANOL ANIDRO;IMPORTAÇÃO;68694,805;38747113
2022;JAN;ETANOL ANIDRO;IMPORTAÇÃO;22435,703;14746723
2022;JUL;ETANOL ANIDRO;IMPORTAÇÃO;20072,793;14571819
2022;JUN;ETANOL ANIDRO;IMPORTAÇÃO;20419,64;15391492
2022;MAI;ETANOL ANIDRO;IMPORTAÇÃO;109543,179;74725011
2022;MAR;ETANOL ANIDRO;IMPORTAÇÃO;35148,157;20337963
2022;NOV;ETANOL ANIDRO;IMPORTAÇÃO;12067,878;7427776
2022;OUT;ETANOL ANIDRO;IMPORTAÇÃO;8066,09;5590456
2022;SET;ETANOL ANIDRO;IMPORTAÇÃO;5,082;21845
2022;ABR;ETANOL HIDRATADO;EXPORTAÇÃO;43247,281;29038056
2022;AGO;ETANOL HIDRATADO;EXPORTAÇÃO;111161,002;83110820
2022;DEZ;ETANOL HIDRATADO;EXPORTAÇÃO;162471,549;109358775
2022;FEV;ETANOL HIDRATADO;EXPORTAÇÃO;60732,663;42169229
2022;JAN;ETANOL HIDRATADO;EXPORTAÇÃO;59802,71;40263028
2022;JUL;ETANOL HIDRATADO;EXPORTAÇÃO;90789,431;68893873
2022;JUN;ETANOL HIDRATADO;EXPORTAÇÃO;67459,012;48009518
2022;MAI;ETANOL HIDRATADO;EXPORTAÇÃO;12133,526;8857439
2022;MAR;ETANOL HIDRATADO;EXPORTAÇÃO;130404,02;86269533
2022;NOV;ETANOL HIDRATADO;EXPORTAÇÃO;87052,812;57461888
2022;OUT;ETANOL HIDRATADO;EXPORTAÇÃO;145870,079;109086595
2022;SET;ETANOL HIDRATADO;EXPORTAÇÃO;119528,53;87692115
2022;ABR;ETANOL HIDRATADO;IMPORTAÇÃO;0,528;2650
2022;AGO;ETANOL HIDRATADO;IMPORTAÇÃO;2,406;26061
2022;DEZ;ETANOL HIDRATADO;IMPORTAÇÃO;0,912;13364
2022;FEV;ETANOL HIDRATADO;IMPORTAÇÃO;0,771;4691
2022;JAN;ETANOL HIDRATADO;IMPORTAÇÃO;266,234;65581
2022;JUL;ETANOL HIDRATADO;IMPORTAÇÃO;1,789;20587
2022;JUN;ETANOL HIDRATADO;IMPORTAÇÃO;1,704;17253
2022;MAI;ETANOL HIDRATADO;IMPORTAÇÃO;3,792;13507
2022;MAR;ETANOL HIDRATADO;IMPORTAÇÃO;2,732;29269
2022;NOV;ETANOL HIDRATADO;IMPORTAÇÃO;2,96;6391
2022;OUT;ETANOL HIDRATADO;IMPORTAÇÃO;0,308;4041
2022;SET;ETANOL HIDRATADO;IMPORTAÇÃO;4,727;13299
2023;FEV;ETANOL ANIDRO;EXPORTAÇÃO;81956,842;59761106
2023;JAN;ETANOL ANIDRO;EXPORTAÇÃO;143249,448;104654040
2023;FEV;ETANOL ANIDRO;IMPORTAÇÃO;10029,201;6253482
2023;JAN;ETANOL ANIDRO;IMPORTAÇÃO;4995,949;3115481
2023;FEV;ETANOL HIDRATADO;EXPORTAÇÃO;56447,745;39293873
2023;JAN;ETANOL HIDRATADO;EXPORTAÇÃO;118256,583;83504529
2023;FEV;ETANOL HIDRATADO;IMPORTAÇÃO;0,134;2131
2023;JAN;ETANOL HIDRATADO;IMPORTAÇÃO;4,22;10856
